{
  "results": [
    {
      "command": "Vite 7 + Rollup (cold)",
      "mean": 0.9852105508400001,
      "stddev": 0.038347603616560776,
      "median": 0.9868706173400001,
      "user": 0.5308857199999999,
      "system": 0.12557765999999998,
      "min": 0.9259934508400001,
      "max": 1.04636432584,
      "times": [
        0.9462856178400001,
        0.9259934508400001,
        0.9714522838400002,
        0.9798483258400001,
        0.9950099928400001,
        0.9939088678400001,
        1.0420405338399998,
        1.04636432584,
        0.9938929088400001,
        0.9573092008400002
      ],
      "exit_codes": [
        0,
        0,
        0,
        0,
        0,
        0,
        0,
        0,
        0,
        0
      ]
    },
    {
      "command": "Vite 8 + Rolldown (cold)",
      "mean": 0.9409408174400001,
      "stddev": 0.05587331273058956,
      "median": 0.9417078673400001,
      "user": 0.47317771999999997,
      "system": 0.14296905999999998,
      "min": 0.83603757584,
      "max": 1.04328482584,
      "times": [
        0.9141874508400001,
        0.9435440338400001,
        0.93987170084,
        0.83603757584,
        0.8916005758400001,
        0.9246749928400001,
        0.9583348258400001,
        1.04328482584,
        0.9805052838400001,
        0.9773669088400001
      ],
      "exit_codes": [
        0,
        0,
        0,
        0,
        0,
        0,
        0,
        0,
        0,
        0
      ]
    },
    {
      "command": "Rspack Standard (cold)",
      "mean": 0.9029941049400001,
      "stddev": 0.027439618897964986,
      "median": 0.90119586734,
      "user": 0.4425902199999999,
      "system": 0.16805975999999997,
      "min": 0.8599187838400001,
      "max": 0.9407723678400001,
      "times": [
        0.9331056588400001,
        0.9114315338400001,
        0.8949729508400001,
        0.88231153384,
        0.8599187838400001,
        0.9407723678400001,
        0.8869364508400001,
        0.9074187838400001,
        0.8772006178400001,
        0.93587236784
      ],
      "exit_codes": [
        0,
        0,
        0,
        0,
        0,
        0,
        0,
        0,
        0,
        0
      ]
    },
    {
      "command": "Rspack + Incremental (cold)",
      "mean": 0.89006616334,
      "stddev": 0.028292776374752197,
      "median": 0.8858775133400001,
      "user": 0.43801452,
      "system": 0.16231836,
      "min": 0.8598300338400001,
      "max": 0.9352473258400001,
      "times": [
        0.9104648678400001,
        0.9125299508400001,
        0.9204584928400001,
        0.8683454508400001,
        0.8757033258400001,
        0.8621395338400001,
        0.9352473258400001,
        0.8598909508400001,
        0.8960517008400001,
        0.8598300338400001
      ],
      "exit_codes": [
        0,
        0,
        0,
        0,
        0,
        0,
        0,
        0,
        0,
        0
      ]
    },
    {
      "command": "Rspack + ParallelLoader (cold)",
      "mean": 0.8939250508400001,
      "stddev": 0.03153992013143663,
      "median": 0.88947482584,
      "user": 0.43770322000000006,
      "system": 0.16952956000000002,
      "min": 0.8521237008400001,
      "max": 0.95021740884,
      "times": [
        0.87611099284,
        0.8773780338400001,
        0.8890901178400001,
        0.8639142428400001,
        0.9424079088400001,
        0.88985953384,
        0.9061947428400001,
        0.8521237008400001,
        0.95021740884,
        0.89195382584
      ],
      "exit_codes": [
        0,
        0,
        0,
        0,
        0,
        0,
        0,
        0,
        0,
        0
      ]
    },
    {
      "command": "Rspack + Persistent Cache (cold)",
      "mean": 0.9081671423400002,
      "stddev": 0.03142493154056852,
      "median": 0.9029680963400001,
      "user": 0.43911822,
      "system": 0.16674246,
      "min": 0.8699056178400001,
      "max": 0.9770855758400001,
      "times": [
        0.9770855758400001,
        0.8867642838400001,
        0.8699056178400001,
        0.87495015884,
        0.9261694088400001,
        0.9298939508400001,
        0.9024309088400001,
        0.8943608258400001,
        0.9035052838400001,
        0.9166054088400001
      ],
      "exit_codes": [
        0,
        0,
        0,
        0,
        0,
        0,
        0,
        0,
        0,
        0
      ]
    },
    {
      "command": "Rspack Optimized (cold)",
      "mean": 0.9103054258400002,
      "stddev": 0.032533801456250094,
      "median": 0.9068430758400001,
      "user": 0.43915792,
      "system": 0.16742396,
      "min": 0.8697613678400001,
      "max": 0.9596687008400001,
      "times": [
        0.9117755758400001,
        0.8913965338400001,
        0.8775507838400001,
        0.9596687008400001,
        0.9404469508400001,
        0.9572508678400001,
        0.91173132584,
        0.9019548258400001,
        0.8815173258400001,
        0.8697613678400001
      ],
      "exit_codes": [
        0,
        0,
        0,
        0,
        0,
        0,
        0,
        0,
        0,
        0
      ]
    },
    {
      "command": "Rsbuild Standard (cold)",
      "mean": 0.8377594050400001,
      "stddev": 0.04408656535870475,
      "median": 0.82808057584,
      "user": 0.45318971999999996,
      "system": 0.13879305999999997,
      "min": 0.7843598678400001,
      "max": 0.91251282584,
      "times": [
        0.91251282584,
        0.82726253384,
        0.8344262008400001,
        0.8660354088400001,
        0.7843598678400001,
        0.8288986178400001,
        0.9046352428400001,
        0.82678603384,
        0.7924946178400001,
        0.8001827008400001
      ],
      "exit_codes": [
        0,
        0,
        0,
        0,
        0,
        0,
        0,
        0,
        0,
        0
      ]
    },
    {
      "command": "Rsbuild Optimized (cold)",
      "mean": 0.8549183467400001,
      "stddev": 0.02470475841707282,
      "median": 0.8500445758400001,
      "user": 0.45573871999999993,
      "system": 0.26222365999999997,
      "min": 0.81000411784,
      "max": 0.8871237428400001,
      "times": [
        0.8488756178400001,
        0.8748799508400001,
        0.8377288258400001,
        0.84521565884,
        0.81000411784,
        0.8355892838400001,
        0.8837419928400001,
        0.87481074284,
        0.8512135338400001,
        0.8871237428400001
      ],
      "exit_codes": [
        0,
        0,
        0,
        0,
        0,
        0,
        0,
        0,
        0,
        0
      ]
    }
  ]
}
