{
  "results": [
    {
      "command": "Vite 7 + Rollup (warm)",
      "mean": 1.1627373159199998,
      "stddev": 0.10557203610323516,
      "median": 1.15250209092,
      "user": 0.53417084,
      "system": 0.11246545999999999,
      "min": 1.04704250792,
      "max": 1.32442321592,
      "times": [
        1.04704250792,
        1.13757642392,
        1.06586654892,
        1.32442321592,
        1.25323754892,
        1.06066063292,
        1.16742775792,
        1.26437446592,
        1.04939317392,
        1.2573708829199999
      ],
      "exit_codes": [
        0,
        0,
        0,
        0,
        0,
        0,
        0,
        0,
        0,
        0
      ]
    },
    {
      "command": "Vite 8 + Rolldown (warm)",
      "mean": 0.99261319932,
      "stddev": 0.06494371938069751,
      "median": 0.97826738292,
      "user": 0.47915114000000003,
      "system": 0.13777045999999998,
      "min": 0.88944454892,
      "max": 1.12323979892,
      "times": [
        0.95153984092,
        0.97428225792,
        0.96017525792,
        0.9805693829200001,
        0.98555984092,
        0.97596538292,
        1.07176346592,
        1.12323979892,
        1.01359221592,
        0.88944454892
      ],
      "exit_codes": [
        0,
        0,
        0,
        0,
        0,
        0,
        0,
        0,
        0,
        0
      ]
    },
    {
      "command": "Rspack Standard (warm)",
      "mean": 1.0918165867199998,
      "stddev": 0.07664100749836116,
      "median": 1.10645284092,
      "user": 0.45166513999999996,
      "system": 0.16046186,
      "min": 0.91082363292,
      "max": 1.19863479892,
      "times": [
        1.03149292392,
        0.91082363292,
        1.07990850792,
        1.0995357159199999,
        1.10530488292,
        1.10760079892,
        1.13893921592,
        1.13444979892,
        1.19863479892,
        1.11147559092
      ],
      "exit_codes": [
        0,
        0,
        0,
        0,
        0,
        0,
        0,
        0,
        0,
        0
      ]
    },
    {
      "command": "Rspack + Incremental (warm)",
      "mean": 1.02156460752,
      "stddev": 0.06673820359829753,
      "median": 0.99889423642,
      "user": 0.4547877399999999,
      "system": 0.16144765999999997,
      "min": 0.9428438409200001,
      "max": 1.12533113292,
      "times": [
        1.12533113292,
        1.00712667392,
        0.9599302579200001,
        0.9428438409200001,
        0.98718204892,
        0.97245884092,
        0.9906617989200001,
        1.09971254892,
        1.11342067392,
        1.01697825792
      ],
      "exit_codes": [
        0,
        0,
        0,
        0,
        0,
        0,
        0,
        0,
        0,
        0
      ]
    },
    {
      "command": "Rspack + ParallelLoader (warm)",
      "mean": 1.1575101159199999,
      "stddev": 0.031717528038384055,
      "median": 1.15190513242,
      "user": 0.4520966399999999,
      "system": 0.16777805999999998,
      "min": 1.11010484092,
      "max": 1.21473867392,
      "times": [
        1.14865304892,
        1.16119017392,
        1.13063075792,
        1.11010484092,
        1.21473867392,
        1.14377088292,
        1.20036450792,
        1.13685942392,
        1.1551572159199999,
        1.17363163292
      ],
      "exit_codes": [
        0,
        0,
        0,
        0,
        0,
        0,
        0,
        0,
        0,
        0
      ]
    },
    {
      "command": "Rspack + Persistent Cache (warm)",
      "mean": 1.17216345752,
      "stddev": 0.04703317389363821,
      "median": 1.16942017442,
      "user": 0.45464804000000003,
      "system": 0.16816515999999998,
      "min": 1.10785129892,
      "max": 1.2712833829199999,
      "times": [
        1.16653575792,
        1.17239329892,
        1.1183892579199999,
        1.10785129892,
        1.2712833829199999,
        1.17230459092,
        1.16198771592,
        1.18885317392,
        1.14576217392,
        1.21627392392
      ],
      "exit_codes": [
        0,
        0,
        0,
        0,
        0,
        0,
        0,
        0,
        0,
        0
      ]
    },
    {
      "command": "Rspack Optimized (warm)",
      "mean": 1.05239077842,
      "stddev": 0.16251288640244158,
      "median": 1.12262842442,
      "user": 0.44938313999999996,
      "system": 0.16237746,
      "min": 0.83871209092,
      "max": 1.23736242392,
      "times": [
        1.23736242392,
        1.12452200792,
        1.20823138292,
        1.12073484092,
        1.15542134092,
        1.19543842392,
        0.93414729892,
        0.83871209092,
        0.86904734092,
        0.8402906329200001
      ],
      "exit_codes": [
        0,
        0,
        0,
        0,
        0,
        0,
        0,
        0,
        0,
        0
      ]
    },
    {
      "command": "Rsbuild Standard (warm)",
      "mean": 0.80315972012,
      "stddev": 0.04718887529526119,
      "median": 0.78868390342,
      "user": 0.46167583999999995,
      "system": 0.12925495999999997,
      "min": 0.7605424659200001,
      "max": 0.91171259092,
      "times": [
        0.77924404892,
        0.91171259092,
        0.85732900792,
        0.79253554892,
        0.77419800792,
        0.76503234092,
        0.78809504892,
        0.7605424659200001,
        0.7892727579200001,
        0.81363538292
      ],
      "exit_codes": [
        0,
        0,
        0,
        0,
        0,
        0,
        0,
        0,
        0,
        0
      ]
    },
    {
      "command": "Rsbuild Optimized (warm)",
      "mean": 0.77096915342,
      "stddev": 0.0084945797220195,
      "median": 0.76950375792,
      "user": 0.43235203999999994,
      "system": 0.24357015999999998,
      "min": 0.76218017392,
      "max": 0.7843891739200001,
      "times": [
        0.76218017392,
        0.78022829892,
        0.76461150792,
        0.76252838292,
        0.7719440079200001,
        0.77360788292,
        0.7843891739200001,
        0.76232829892,
        0.78081029892,
        0.76706350792
      ],
      "exit_codes": [
        0,
        0,
        0,
        0,
        0,
        0,
        0,
        0,
        0,
        0
      ]
    }
  ]
}
